Workbook

Sheet spreadsheet_workbook
A1: Transaction_id | B1: Transaction_Date | C1: Merchant_Name | D1: Raw_Amount | E1: Currency | F1: Status | G1: Risk_Score | H1: Gateway_region | I1: User_id | J1: Payment_method | K1: usd_rate | L1: amount_usd | M1: merchant_id | N1: account_manager | O1: merchant_category | P1: region | Q1: high_vlaue_flag | R1: high_risk_flag
A2: T001 | B2: 46082 | C2: =TRIM(PROPER(transaction_raw!C2)) -> Alpha Mart | D2: 420000 | E2: INR | F2: =PROPER(TRIM(transaction_raw!F2)) -> Captured | G2: =VALUE(SUBSTITUTE(SUBSTITUTE(transaction_raw!G2, "score:", ""), "risk-", "")) -> 62 | H2: =IF(TRIM(transaction_raw!H2)="", "NOT FOUND", UPPER(transaction_raw!H2)) -> APAC | I2: U001 | J2: UPI | K2: =SUMIFS(exchange_rate!$C:$C,exchange_rate!$A:$A, B2,exchange_rate!$B:$B, E2) -> 0.0119 | L2: =D2*K2 -> 4998 | M2: =VLOOKUP(C2,CHOOSE({1,2},merchant_master!$B:$B,merchant_master!$A:$A),2,0) -> M001 | N2: =VLOOKUP(C2,CHOOSE({1,2},merchant_master!$B:$B,merchant_master!$C:$C),2,0) -> Aisha Khan | O2: =VLOOKUP(C2,CHOOSE({1,2},merchant_master!$B:$B,merchant_master!$D:$D),2,0) -> Grocery | P2: =VLOOKUP(C2,CHOOSE({1,2},merchant_master!$B:$B,merchant_master!$E:$E),2,0) -> APAC | Q2: =IF(OR(AND(P2="APAC", L2>5000), AND(P2="EU", L2>6000), AND(P2="US", L2>7000)), 1, 0) -> 0 | R2: =IF(OR(G2 >= 70, ISNUMBER(SEARCH("chargeback", F2))), 1, 0) -> 0
A3: T002 | B3: 46082 | C3: =TRIM(PROPER(transaction_raw!C3)) -> Alpha Mart | D3: 210000 | E3: INR | F3: =PROPER(TRIM(transaction_raw!F3)) -> Captured | G3: =VALUE(SUBSTITUTE(SUBSTITUTE(transaction_raw!G3, "score:", ""), "risk-", "")) -> 55 | H3: =IF(TRIM(transaction_raw!H3)="", "NOT FOUND", UPPER(transaction_raw!H3)) -> NOT FOUND | I3: U002 | J3: Card | K3: =SUMIFS(exchange_rate!$C:$C,exchange_rate!$A:$A, B3,exchange_rate!$B:$B, E3) -> 0.0119 | L3: =D3*K3 -> 2499 | M3: =VLOOKUP(C3,CHOOSE({1,2},merchant_master!$B:$B,merchant_master!$A:$A),2,0) -> M001 | N3: =VLOOKUP(C3,CHOOSE({1,2},merchant_master!$B:$B,merchant_master!$C:$C),2,0) -> Aisha Khan | O3: =VLOOKUP(C3,CHOOSE({1,2},merchant_master!$B:$B,merchant_master!$D:$D),2,0) -> Grocery | P3: =VLOOKUP(C3,CHOOSE({1,2},merchant_master!$B:$B,merchant_master!$E:$E),2,0) -> APAC | Q3: =IF(OR(AND(P3="APAC", L3>5000), AND(P3="EU", L3>6000), AND(P3="US", L3>7000)), 1, 0) -> 0 | R3: =IF(OR(G3 >= 70, ISNUMBER(SEARCH("chargeback", F3))), 1, 0) -> 0
A4: T003 | B4: 46082 | C4: =TRIM(PROPER(transaction_raw!C4)) -> Beta Stores | D4: 510000 | E4: INR | F4: =PROPER(TRIM(transaction_raw!F4)) -> Captured | G4: =VALUE(SUBSTITUTE(SUBSTITUTE(transaction_raw!G4, "score:", ""), "risk-", "")) -> 71 | H4: =IF(TRIM(transaction_raw!H4)="", "NOT FOUND", UPPER(transaction_raw!H4)) -> APAC | I4: U003 | J4: NetBanking | K4: =SUMIFS(exchange_rate!$C:$C,exchange_rate!$A:$A, B4,exchange_rate!$B:$B, E4) -> 0.0119 | L4: =D4*K4 -> 6069 | M4: =VLOOKUP(C4,CHOOSE({1,2},merchant_master!$B:$B,merchant_master!$A:$A),2,0) -> M002 | N4: =VLOOKUP(C4,CHOOSE({1,2},merchant_master!$B:$B,merchant_master!$C:$C),2,0) -> Rohan Mehta | O4: =VLOOKUP(C4,CHOOSE({1,2},merchant_master!$B:$B,merchant_master!$D:$D),2,0) -> Electronics | P4: =VLOOKUP(C4,CHOOSE({1,2},merchant_master!$B:$B,merchant_master!$E:$E),2,0) -> APAC | Q4: =IF(OR(AND(P4="APAC", L4>5000), AND(P4="EU", L4>6000), AND(P4="US", L4>7000)), 1, 0) -> 1 | R4: =IF(OR(G4 >= 70, ISNUMBER(SEARCH("chargeback", F4))), 1, 0) -> 1
A5: T004 | B5: 46083 | C5: =TRIM(PROPER(transaction_raw!C5)) -> Beta Stores | D5: 160000 | E5: INR | F5: =PROPER(TRIM(transaction_raw!F5)) -> Failed E05 Timeout | G5: =VALUE(SUBSTITUTE(SUBSTITUTE(transaction_raw!G5, "score:", ""), "risk-", "")) -> 68 | H5: =IF(TRIM(transaction_raw!H5)="", "NOT FOUND", UPPER(transaction_raw!H5)) -> APAC | I5: U004 | J5: Card | K5: =SUMIFS(exchange_rate!$C:$C,exchange_rate!$A:$A, B5,exchange_rate!$B:$B, E5) -> 0.012 | L5: =D5*K5 -> 1920 | M5: =VLOOKUP(C5,CHOOSE({1,2},merchant_master!$B:$B,merchant_master!$A:$A),2,0) -> M002 | N5: =VLOOKUP(C5,CHOOSE({1,2},merchant_master!$B:$B,merchant_master!$C:$C),2,0) -> Rohan Mehta | O5: =VLOOKUP(C5,CHOOSE({1,2},merchant_master!$B:$B,merchant_master!$D:$D),2,0) -> Electronics | P5: =VLOOKUP(C5,CHOOSE({1,2},merchant_master!$B:$B,merchant_master!$E:$E),2,0) -> APAC | Q5: =IF(OR(AND(P5="APAC", L5>5000), AND(P5="EU", L5>6000), AND(P5="US", L5>7000)), 1, 0) -> 0 | R5: =IF(OR(G5 >= 70, ISNUMBER(SEARCH("chargeback", F5))), 1, 0) -> 0
A6: T005 | B6: 46083 | C6: =TRIM(PROPER(transaction_raw!C6)) -> Alpha Mart | D6: 390000 | E6: INR | F6: =PROPER(TRIM(transaction_raw!F6)) -> Captured | G6: =VALUE(SUBSTITUTE(SUBSTITUTE(transaction_raw!G6, "score:", ""), "risk-", "")) -> 58 | H6: =IF(TRIM(transaction_raw!H6)="", "NOT FOUND", UPPER(transaction_raw!H6)) -> NOT FOUND | I6: U001 | J6: UPI | K6: =SUMIFS(exchange_rate!$C:$C,exchange_rate!$A:$A, B6,exchange_rate!$B:$B, E6) -> 0.012 | L6: =D6*K6 -> 4680 | M6: =VLOOKUP(C6,CHOOSE({1,2},merchant_master!$B:$B,merchant_master!$A:$A),2,0) -> M001 | N6: =VLOOKUP(C6,CHOOSE({1,2},merchant_master!$B:$B,merchant_master!$C:$C),2,0) -> Aisha Khan | O6: =VLOOKUP(C6,CHOOSE({1,2},merchant_master!$B:$B,merchant_master!$D:$D),2,0) -> Grocery | P6: =VLOOKUP(C6,CHOOSE({1,2},merchant_master!$B:$B,merchant_master!$E:$E),2,0) -> APAC | Q6: =IF(OR(AND(P6="APAC", L6>5000), AND(P6="EU", L6>6000), AND(P6="US", L6>7000)), 1, 0) -> 0 | R6: =IF(OR(G6 >= 70, ISNUMBER(SEARCH("chargeback", F6))), 1, 0) -> 0
A7: T006 | B7: 46083 | C7: =TRIM(PROPER(transaction_raw!C7)) -> Beta Stores | D7: 275000 | E7: INR | F7: =PROPER(TRIM(transaction_raw!F7)) -> Captured | G7: =VALUE(SUBSTITUTE(SUBSTITUTE(transaction_raw!G7, "score:", ""), "risk-", "")) -> 64 | H7: =IF(TRIM(transaction_raw!H7)="", "NOT FOUND", UPPER(transaction_raw!H7)) -> NOT FOUND | I7: U005 | J7: Wallet | K7: =SUMIFS(exchange_rate!$C:$C,exchange_rate!$A:$A, B7,exchange_rate!$B:$B, E7) -> 0.012 | L7: =D7*K7 -> 3300 | M7: =VLOOKUP(C7,CHOOSE({1,2},merchant_master!$B:$B,merchant_master!$A:$A),2,0) -> M002 | N7: =VLOOKUP(C7,CHOOSE({1,2},merchant_master!$B:$B,merchant_master!$C:$C),2,0) -> Rohan Mehta | O7: =VLOOKUP(C7,CHOOSE({1,2},merchant_master!$B:$B,merchant_master!$D:$D),2,0) -> Electronics | P7: =VLOOKUP(C7,CHOOSE({1,2},merchant_master!$B:$B,merchant_master!$E:$E),2,0) -> APAC | Q7: =IF(OR(AND(P7="APAC", L7>5000), AND(P7="EU", L7>6000), AND(P7="US", L7>7000)), 1, 0) -> 0 | R7: =IF(OR(G7 >= 70, ISNUMBER(SEARCH("chargeback", F7))), 1, 0) -> 0
A8: T007 | B8: 46083 | C8: =TRIM(PROPER(transaction_raw!C8)) -> Alpha Mart | D8: 450000 | E8: INR | F8: =PROPER(TRIM(transaction_raw!F8)) -> Chargeback | G8: =VALUE(SUBSTITUTE(SUBSTITUTE(transaction_raw!G8, "score:", ""), "risk-", "")) -> 83 | H8: =IF(TRIM(transaction_raw!H8)="", "NOT FOUND", UPPER(transaction_raw!H8)) -> APAC | I8: U006 | J8: Card | K8: =SUMIFS(exchange_rate!$C:$C,exchange_rate!$A:$A, B8,exchange_rate!$B:$B, E8) -> 0.012 | L8: =D8*K8 -> 5400 | M8: =VLOOKUP(C8,CHOOSE({1,2},merchant_master!$B:$B,merchant_master!$A:$A),2,0) -> M001 | N8: =VLOOKUP(C8,CHOOSE({1,2},merchant_master!$B:$B,merchant_master!$C:$C),2,0) -> Aisha Khan | O8: =VLOOKUP(C8,CHOOSE({1,2},merchant_master!$B:$B,merchant_master!$D:$D),2,0) -> Grocery | P8: =VLOOKUP(C8,CHOOSE({1,2},merchant_master!$B:$B,merchant_master!$E:$E),2,0) -> APAC | Q8: =IF(OR(AND(P8="APAC", L8>5000), AND(P8="EU", L8>6000), AND(P8="US", L8>7000)), 1, 0) -> 1 | R8: =IF(OR(G8 >= 70, ISNUMBER(SEARCH("chargeback", F8))), 1, 0) -> 1
A9: T008 | B9: 46084 | C9: =TRIM(PROPER(transaction_raw!C9)) -> Beta Stores | D9: 340000 | E9: INR | F9: =PROPER(TRIM(transaction_raw!F9)) -> Captured | G9: =VALUE(SUBSTITUTE(SUBSTITUTE(transaction_raw!G9, "score:", ""), "risk-", "")) -> 59 | H9: =IF(TRIM(transaction_raw!H9)="", "NOT FOUND", UPPER(transaction_raw!H9)) -> NOT FOUND | I9: U007 | J9: UPI | K9: =SUMIFS(exchange_rate!$C:$C,exchange_rate!$A:$A, B9,exchange_rate!$B:$B, E9) -> 0.0121 | L9: =D9*K9 -> 4114 | M9: =VLOOKUP(C9,CHOOSE({1,2},merchant_master!$B:$B,merchant_master!$A:$A),2,0) -> M002 | N9: =VLOOKUP(C9,CHOOSE({1,2},merchant_master!$B:$B,merchant_master!$C:$C),2,0) -> Rohan Mehta | O9: =VLOOKUP(C9,CHOOSE({1,2},merchant_master!$B:$B,merchant_master!$D:$D),2,0) -> Electronics | P9: =VLOOKUP(C9,CHOOSE({1,2},merchant_master!$B:$B,merchant_master!$E:$E),2,0) -> APAC | Q9: =IF(OR(AND(P9="APAC", L9>5000), AND(P9="EU", L9>6000), AND(P9="US", L9>7000)), 1, 0) -> 0 | R9: =IF(OR(G9 >= 70, ISNUMBER(SEARCH("chargeback", F9))), 1, 0) -> 0
A10: T009 | B10: 46084 | C10: =TRIM(PROPER(transaction_raw!C10)) -> Alpha Mart | D10: 125000 | E10: INR | F10: =PROPER(TRIM(transaction_raw!F10)) -> Captured | G10: =VALUE(SUBSTITUTE(SUBSTITUTE(transaction_raw!G10, "score:", ""), "risk-", "")) -> 46 | H10: =IF(TRIM(transaction_raw!H10)="", "NOT FOUND", UPPER(transaction_raw!H10)) -> APAC | I10: U002 | J10: Wallet | K10: =SUMIFS(exchange_rate!$C:$C,exchange_rate!$A:$A, B10,exchange_rate!$B:$B, E10) -> 0.0121 | L10: =D10*K10 -> 1512.5 | M10: =VLOOKUP(C10,CHOOSE({1,2},merchant_master!$B:$B,merchant_master!$A:$A),2,0) -> M001 | N10: =VLOOKUP(C10,CHOOSE({1,2},merchant_master!$B:$B,merchant_master!$C:$C),2,0) -> Aisha Khan | O10: =VLOOKUP(C10,CHOOSE({1,2},merchant_master!$B:$B,merchant_master!$D:$D),2,0) -> Grocery | P10: =VLOOKUP(C10,CHOOSE({1,2},merchant_master!$B:$B,merchant_master!$E:$E),2,0) -> APAC | Q10: =IF(OR(AND(P10="APAC", L10>5000), AND(P10="EU", L10>6000), AND(P10="US", L10>7000)), 1, 0) -> 0 | R10: =IF(OR(G10 >= 70, ISNUMBER(SEARCH("chargeback", F10))), 1, 0) -> 0
A11: T010 | B11: 46084 | C11: =TRIM(PROPER(transaction_raw!C11)) -> Beta Stores | D11: 610000 | E11: INR | F11: =PROPER(TRIM(transaction_raw!F11)) -> Captured | G11: =VALUE(SUBSTITUTE(SUBSTITUTE(transaction_raw!G11, "score:", ""), "risk-", "")) -> 77 | H11: =IF(TRIM(transaction_raw!H11)="", "NOT FOUND", UPPER(transaction_raw!H11)) -> NOT FOUND | I11: U003 | J11: Card | K11: =SUMIFS(exchange_rate!$C:$C,exchange_rate!$A:$A, B11,exchange_rate!$B:$B, E11) -> 0.0121 | L11: =D11*K11 -> 7381 | M11: =VLOOKUP(C11,CHOOSE({1,2},merchant_master!$B:$B,merchant_master!$A:$A),2,0) -> M002 | N11: =VLOOKUP(C11,CHOOSE({1,2},merchant_master!$B:$B,merchant_master!$C:$C),2,0) -> Rohan Mehta | O11: =VLOOKUP(C11,CHOOSE({1,2},merchant_master!$B:$B,merchant_master!$D:$D),2,0) -> Electronics | P11: =VLOOKUP(C11,CHOOSE({1,2},merchant_master!$B:$B,merchant_master!$E:$E),2,0) -> APAC | Q11: =IF(OR(AND(P11="APAC", L11>5000), AND(P11="EU", L11>6000), AND(P11="US", L11>7000)), 1, 0) -> 1 | R11: =IF(OR(G11 >= 70, ISNUMBER(SEARCH("chargeback", F11))), 1, 0) -> 1
A12: T011 | B12: 46084 | C12: =TRIM(PROPER(transaction_raw!C12)) -> Alpha Mart | D12: 195000 | E12: INR | F12: =PROPER(TRIM(transaction_raw!F12)) -> Failed E05 Timeout | G12: =AVERAGE(G2:G11,G13:G31) -> 60.655172 | H12: =IF(TRIM(transaction_raw!H12)="", "NOT FOUND", UPPER(transaction_raw!H12)) -> NOT FOUND | I12: U008 | J12: UPI | K12: =SUMIFS(exchange_rate!$C:$C,exchange_rate!$A:$A, B12,exchange_rate!$B:$B, E12) -> 0.0121 | L12: =D12*K12 -> 2359.5 | M12: =VLOOKUP(C12,CHOOSE({1,2},merchant_master!$B:$B,merchant_master!$A:$A),2,0) -> M001 | N12: =VLOOKUP(C12,CHOOSE({1,2},merchant_master!$B:$B,merchant_master!$C:$C),2,0) -> Aisha Khan | O12: =VLOOKUP(C12,CHOOSE({1,2},merchant_master!$B:$B,merchant_master!$D:$D),2,0) -> Grocery | P12: =VLOOKUP(C12,CHOOSE({1,2},merchant_master!$B:$B,merchant_master!$E:$E),2,0) -> APAC | Q12: =IF(OR(AND(P12="APAC", L12>5000), AND(P12="EU", L12>6000), AND(P12="US", L12>7000)), 1, 0) -> 0 | R12: =IF(OR(G12 >= 70, ISNUMBER(SEARCH("chargeback", F12))), 1, 0) -> 0
A13: T012 | B13: 46085 | C13: =TRIM(PROPER(transaction_raw!C13)) -> Beta Stores | D13: 250000 | E13: INR | F13: =PROPER(TRIM(transaction_raw!F13)) -> Captured | G13: =VALUE(SUBSTITUTE(SUBSTITUTE(transaction_raw!G13, "score:", ""), "risk-", "")) -> 61 | H13: =IF(TRIM(transaction_raw!H13)="", "NOT FOUND", UPPER(transaction_raw!H13)) -> APAC | I13: U009 | J13: Card | K13: =SUMIFS(exchange_rate!$C:$C,exchange_rate!$A:$A, B13,exchange_rate!$B:$B, E13) -> 0.012 | L13: =D13*K13 -> 3000 | M13: =VLOOKUP(C13,CHOOSE({1,2},merchant_master!$B:$B,merchant_master!$A:$A),2,0) -> M002 | N13: =VLOOKUP(C13,CHOOSE({1,2},merchant_master!$B:$B,merchant_master!$C:$C),2,0) -> Rohan Mehta | O13: =VLOOKUP(C13,CHOOSE({1,2},merchant_master!$B:$B,merchant_master!$D:$D),2,0) -> Electronics | P13: =VLOOKUP(C13,CHOOSE({1,2},merchant_master!$B:$B,merchant_master!$E:$E),2,0) -> APAC | Q13: =IF(OR(AND(P13="APAC", L13>5000), AND(P13="EU", L13>6000), AND(P13="US", L13>7000)), 1, 0) -> 0 | R13: =IF(OR(G13 >= 70, ISNUMBER(SEARCH("chargeback", F13))), 1, 0) -> 0
A14: T013 | B14: 46085 | C14: =TRIM(PROPER(transaction_raw!C14)) -> Alpha Mart | D14: 310000 | E14: INR | F14: =PROPER(TRIM(transaction_raw!F14)) -> Captured | G14: =VALUE(SUBSTITUTE(SUBSTITUTE(transaction_raw!G14, "score:", ""), "risk-", "")) -> 54 | H14: =IF(TRIM(transaction_raw!H14)="", "NOT FOUND", UPPER(transaction_raw!H14)) -> APAC | I14: U010 | J14: UPI | K14: =SUMIFS(exchange_rate!$C:$C,exchange_rate!$A:$A, B14,exchange_rate!$B:$B, E14) -> 0.012 | L14: =D14*K14 -> 3720 | M14: =VLOOKUP(C14,CHOOSE({1,2},merchant_master!$B:$B,merchant_master!$A:$A),2,0) -> M001 | N14: =VLOOKUP(C14,CHOOSE({1,2},merchant_master!$B:$B,merchant_master!$C:$C),2,0) -> Aisha Khan | O14: =VLOOKUP(C14,CHOOSE({1,2},merchant_master!$B:$B,merchant_master!$D:$D),2,0) -> Grocery | P14: =VLOOKUP(C14,CHOOSE({1,2},merchant_master!$B:$B,merchant_master!$E:$E),2,0) -> APAC | Q14: =IF(OR(AND(P14="APAC", L14>5000), AND(P14="EU", L14>6000), AND(P14="US", L14>7000)), 1, 0) -> 0 | R14: =IF(OR(G14 >= 70, ISNUMBER(SEARCH("chargeback", F14))), 1, 0) -> 0
A15: T014 | B15: 46085 | C15: =TRIM(PROPER(transaction_raw!C15)) -> Beta Stores | D15: 470000 | E15: INR | F15: =PROPER(TRIM(transaction_raw!F15)) -> Captured | G15: =VALUE(SUBSTITUTE(SUBSTITUTE(transaction_raw!G15, "score:", ""), "risk-", "")) -> 73 | H15: =IF(TRIM(transaction_raw!H15)="", "NOT FOUND", UPPER(transaction_raw!H15)) -> APAC | I15: U001 | J15: NetBanking | K15: =SUMIFS(exchange_rate!$C:$C,exchange_rate!$A:$A, B15,exchange_rate!$B:$B, E15) -> 0.012 | L15: =D15*K15 -> 5640 | M15: =VLOOKUP(C15,CHOOSE({1,2},merchant_master!$B:$B,merchant_master!$A:$A),2,0) -> M002 | N15: =VLOOKUP(C15,CHOOSE({1,2},merchant_master!$B:$B,merchant_master!$C:$C),2,0) -> Rohan Mehta | O15: =VLOOKUP(C15,CHOOSE({1,2},merchant_master!$B:$B,merchant_master!$D:$D),2,0) -> Electronics | P15: =VLOOKUP(C15,CHOOSE({1,2},merchant_master!$B:$B,merchant_master!$E:$E),2,0) -> APAC | Q15: =IF(OR(AND(P15="APAC", L15>5000), AND(P15="EU", L15>6000), AND(P15="US", L15>7000)), 1, 0) -> 1 | R15: =IF(OR(G15 >= 70, ISNUMBER(SEARCH("chargeback", F15))), 1, 0) -> 1
A16: T015 | B16: 46085 | C16: =TRIM(PROPER(transaction_raw!C16)) -> Alpha Mart | D16: 130000 | E16: INR | F16: =PROPER(TRIM(transaction_raw!F16)) -> Captured | G16: =VALUE(SUBSTITUTE(SUBSTITUTE(transaction_raw!G16, "score:", ""), "risk-", "")) -> 52 | H16: =IF(TRIM(transaction_raw!H16)="", "NOT FOUND", UPPER(transaction_raw!H16)) -> NOT FOUND | I16: U002 | J16: Card | K16: =SUMIFS(exchange_rate!$C:$C,exchange_rate!$A:$A, B16,exchange_rate!$B:$B, E16) -> 0.012 | L16: =D16*K16 -> 1560 | M16: =VLOOKUP(C16,CHOOSE({1,2},merchant_master!$B:$B,merchant_master!$A:$A),2,0) -> M001 | N16: =VLOOKUP(C16,CHOOSE({1,2},merchant_master!$B:$B,merchant_master!$C:$C),2,0) -> Aisha Khan | O16: =VLOOKUP(C16,CHOOSE({1,2},merchant_master!$B:$B,merchant_master!$D:$D),2,0) -> Grocery | P16: =VLOOKUP(C16,CHOOSE({1,2},merchant_master!$B:$B,merchant_master!$E:$E),2,0) -> APAC | Q16: =IF(OR(AND(P16="APAC", L16>5000), AND(P16="EU", L16>6000), AND(P16="US", L16>7000)), 1, 0) -> 0 | R16: =IF(OR(G16 >= 70, ISNUMBER(SEARCH("chargeback", F16))), 1, 0) -> 0
A17: T016 | B17: 46086 | C17: =TRIM(PROPER(transaction_raw!C17)) -> Beta Stores | D17: 220000 | E17: INR | F17: =PROPER(TRIM(transaction_raw!F17)) -> Failed E05 Timeout | G17: =VALUE(SUBSTITUTE(SUBSTITUTE(transaction_raw!G17, "score:", ""), "risk-", "")) -> 69 | H17: =IF(TRIM(transaction_raw!H17)="", "NOT FOUND", UPPER(transaction_raw!H17)) -> NOT FOUND | I17: U008 | J17: Card | K17: =SUMIFS(exchange_rate!$C:$C,exchange_rate!$A:$A, B17,exchange_rate!$B:$B, E17) -> 0.0118 | L17: =D17*K17 -> 2596 | M17: =VLOOKUP(C17,CHOOSE({1,2},merchant_master!$B:$B,merchant_master!$A:$A),2,0) -> M002 | N17: =VLOOKUP(C17,CHOOSE({1,2},merchant_master!$B:$B,merchant_master!$C:$C),2,0) -> Rohan Mehta | O17: =VLOOKUP(C17,CHOOSE({1,2},merchant_master!$B:$B,merchant_master!$D:$D),2,0) -> Electronics | P17: =VLOOKUP(C17,CHOOSE({1,2},merchant_master!$B:$B,merchant_master!$E:$E),2,0) -> APAC | Q17: =IF(OR(AND(P17="APAC", L17>5000), AND(P17="EU", L17>6000), AND(P17="US", L17>7000)), 1, 0) -> 0 | R17: =IF(OR(G17 >= 70, ISNUMBER(SEARCH("chargeback", F17))), 1, 0) -> 0
A18: T017 | B18: 46086 | C18: =TRIM(PROPER(transaction_raw!C18)) -> Beta Stores | D18: 180000 | E18: INR | F18: =PROPER(TRIM(transaction_raw!F18)) -> Failed E05 Timeout | G18: =VALUE(SUBSTITUTE(SUBSTITUTE(transaction_raw!G18, "score:", ""), "risk-", "")) -> 72 | H18: =IF(TRIM(transaction_raw!H18)="", "NOT FOUND", UPPER(transaction_raw!H18)) -> APAC | I18: U008 | J18: Card | K18: =SUMIFS(exchange_rate!$C:$C,exchange_rate!$A:$A, B18,exchange_rate!$B:$B, E18) -> 0.0118 | L18: =D18*K18 -> 2124 | M18: =VLOOKUP(C18,CHOOSE({1,2},merchant_master!$B:$B,merchant_master!$A:$A),2,0) -> M002 | N18: =VLOOKUP(C18,CHOOSE({1,2},merchant_master!$B:$B,merchant_master!$C:$C),2,0) -> Rohan Mehta | O18: =VLOOKUP(C18,CHOOSE({1,2},merchant_master!$B:$B,merchant_master!$D:$D),2,0) -> Electronics | P18: =VLOOKUP(C18,CHOOSE({1,2},merchant_master!$B:$B,merchant_master!$E:$E),2,0) -> APAC | Q18: =IF(OR(AND(P18="APAC", L18>5000), AND(P18="EU", L18>6000), AND(P18="US", L18>7000)), 1, 0) -> 0 | R18: =IF(OR(G18 >= 70, ISNUMBER(SEARCH("chargeback", F18))), 1, 0) -> 1
A19: T018 | B19: 46086 | C19: =TRIM(PROPER(transaction_raw!C19)) -> Beta Stores | D19: 145000 | E19: INR | F19: =PROPER(TRIM(transaction_raw!F19)) -> Chargeback | G19: =VALUE(SUBSTITUTE(SUBSTITUTE(transaction_raw!G19, "score:", ""), "risk-", "")) -> 86 | H19: =IF(TRIM(transaction_raw!H19)="", "NOT FOUND", UPPER(transaction_raw!H19)) -> APAC | I19: U008 | J19: UPI | K19: =SUMIFS(exchange_rate!$C:$C,exchange_rate!$A:$A, B19,exchange_rate!$B:$B, E19) -> 0.0118 | L19: =D19*K19 -> 1711 | M19: =VLOOKUP(C19,CHOOSE({1,2},merchant_master!$B:$B,merchant_master!$A:$A),2,0) -> M002 | N19: =VLOOKUP(C19,CHOOSE({1,2},merchant_master!$B:$B,merchant_master!$C:$C),2,0) -> Rohan Mehta | O19: =VLOOKUP(C19,CHOOSE({1,2},merchant_master!$B:$B,merchant_master!$D:$D),2,0) -> Electronics | P19: =VLOOKUP(C19,CHOOSE({1,2},merchant_master!$B:$B,merchant_master!$E:$E),2,0) -> APAC | Q19: =IF(OR(AND(P19="APAC", L19>5000), AND(P19="EU", L19>6000), AND(P19="US", L19>7000)), 1, 0) -> 0 | R19: =IF(OR(G19 >= 70, ISNUMBER(SEARCH("chargeback", F19))), 1, 0) -> 1
A20: T019 | B20: 46086 | C20: =TRIM(PROPER(transaction_raw!C20)) -> Alpha Mart | D20: 260000 | E20: INR | F20: =PROPER(TRIM(transaction_raw!F20)) -> Failed E05 Timeout | G20: =VALUE(SUBSTITUTE(SUBSTITUTE(transaction_raw!G20, "score:", ""), "risk-", "")) -> 67 | H20: =IF(TRIM(transaction_raw!H20)="", "NOT FOUND", UPPER(transaction_raw!H20)) -> APAC | I20: U008 | J20: Wallet | K20: =SUMIFS(exchange_rate!$C:$C,exchange_rate!$A:$A, B20,exchange_rate!$B:$B, E20) -> 0.0118 | L20: =D20*K20 -> 3068 | M20: =VLOOKUP(C20,CHOOSE({1,2},merchant_master!$B:$B,merchant_master!$A:$A),2,0) -> M001 | N20: =VLOOKUP(C20,CHOOSE({1,2},merchant_master!$B:$B,merchant_master!$C:$C),2,0) -> Aisha Khan | O20: =VLOOKUP(C20,CHOOSE({1,2},merchant_master!$B:$B,merchant_master!$D:$D),2,0) -> Grocery | P20: =VLOOKUP(C20,CHOOSE({1,2},merchant_master!$B:$B,merchant_master!$E:$E),2,0) -> APAC | Q20: =IF(OR(AND(P20="APAC", L20>5000), AND(P20="EU", L20>6000), AND(P20="US", L20>7000)), 1, 0) -> 0 | R20: =IF(OR(G20 >= 70, ISNUMBER(SEARCH("chargeback", F20))), 1, 0) -> 0
A21: T020 | B21: 46086 | C21: =TRIM(PROPER(transaction_raw!C21)) -> Alpha Mart | D21: 520000 | E21: INR | F21: =PROPER(TRIM(transaction_raw!F21)) -> Captured | G21: =VALUE(SUBSTITUTE(SUBSTITUTE(transaction_raw!G21, "score:", ""), "risk-", "")) -> 75 | H21: =IF(TRIM(transaction_raw!H21)="", "NOT FOUND", UPPER(transaction_raw!H21)) -> APAC | I21: U005 | J21: UPI | K21: =SUMIFS(exchange_rate!$C:$C,exchange_rate!$A:$A, B21,exchange_rate!$B:$B, E21) -> 0.0118 | L21: =D21*K21 -> 6136 | M21: =VLOOKUP(C21,CHOOSE({1,2},merchant_master!$B:$B,merchant_master!$A:$A),2,0) -> M001 | N21: =VLOOKUP(C21,CHOOSE({1,2},merchant_master!$B:$B,merchant_master!$C:$C),2,0) -> Aisha Khan | O21: =VLOOKUP(C21,CHOOSE({1,2},merchant_master!$B:$B,merchant_master!$D:$D),2,0) -> Grocery | P21: =VLOOKUP(C21,CHOOSE({1,2},merchant_master!$B:$B,merchant_master!$E:$E),2,0) -> APAC | Q21: =IF(OR(AND(P21="APAC", L21>5000), AND(P21="EU", L21>6000), AND(P21="US", L21>7000)), 1, 0) -> 1 | R21: =IF(OR(G21 >= 70, ISNUMBER(SEARCH("chargeback", F21))), 1, 0) -> 1
A22: T021 | B22: 46087 | C22: =TRIM(PROPER(transaction_raw!C22)) -> Beta Stores | D22: 330000 | E22: INR | F22: =PROPER(TRIM(transaction_raw!F22)) -> Captured | G22: =VALUE(SUBSTITUTE(SUBSTITUTE(transaction_raw!G22, "score:", ""), "risk-", "")) -> 63 | H22: =IF(TRIM(transaction_raw!H22)="", "NOT FOUND", UPPER(transaction_raw!H22)) -> NOT FOUND | I22: U006 | J22: Card | K22: =SUMIFS(exchange_rate!$C:$C,exchange_rate!$A:$A, B22,exchange_rate!$B:$B, E22) -> 0.0119 | L22: =D22*K22 -> 3927 | M22: =VLOOKUP(C22,CHOOSE({1,2},merchant_master!$B:$B,merchant_master!$A:$A),2,0) -> M002 | N22: =VLOOKUP(C22,CHOOSE({1,2},merchant_master!$B:$B,merchant_master!$C:$C),2,0) -> Rohan Mehta | O22: =VLOOKUP(C22,CHOOSE({1,2},merchant_master!$B:$B,merchant_master!$D:$D),2,0) -> Electronics | P22: =VLOOKUP(C22,CHOOSE({1,2},merchant_master!$B:$B,merchant_master!$E:$E),2,0) -> APAC | Q22: =IF(OR(AND(P22="APAC", L22>5000), AND(P22="EU", L22>6000), AND(P22="US", L22>7000)), 1, 0) -> 0 | R22: =IF(OR(G22 >= 70, ISNUMBER(SEARCH("chargeback", F22))), 1, 0) -> 0
A23: T022 | B23: 46087 | C23: =TRIM(PROPER(transaction_raw!C23)) -> Alpha Mart | D23: 410000 | E23: INR | F23: =PROPER(TRIM(transaction_raw!F23)) -> Captured | G23: =VALUE(SUBSTITUTE(SUBSTITUTE(transaction_raw!G23, "score:", ""), "risk-", "")) -> 60 | H23: =IF(TRIM(transaction_raw!H23)="", "NOT FOUND", UPPER(transaction_raw!H23)) -> APAC | I23: U007 | J23: UPI | K23: =SUMIFS(exchange_rate!$C:$C,exchange_rate!$A:$A, B23,exchange_rate!$B:$B, E23) -> 0.0119 | L23: =D23*K23 -> 4879 | M23: =VLOOKUP(C23,CHOOSE({1,2},merchant_master!$B:$B,merchant_master!$A:$A),2,0) -> M001 | N23: =VLOOKUP(C23,CHOOSE({1,2},merchant_master!$B:$B,merchant_master!$C:$C),2,0) -> Aisha Khan | O23: =VLOOKUP(C23,CHOOSE({1,2},merchant_master!$B:$B,merchant_master!$D:$D),2,0) -> Grocery | P23: =VLOOKUP(C23,CHOOSE({1,2},merchant_master!$B:$B,merchant_master!$E:$E),2,0) -> APAC | Q23: =IF(OR(AND(P23="APAC", L23>5000), AND(P23="EU", L23>6000), AND(P23="US", L23>7000)), 1, 0) -> 0 | R23: =IF(OR(G23 >= 70, ISNUMBER(SEARCH("chargeback", F23))), 1, 0) -> 0
A24: T023 | B24: 46082 | C24: =TRIM(PROPER(transaction_raw!C24)) -> City Pharma | D24: 5200 | E24: EUR | F24: =PROPER(TRIM(transaction_raw!F24)) -> Captured | G24: =VALUE(SUBSTITUTE(SUBSTITUTE(transaction_raw!G24, "score:", ""), "risk-", "")) -> 42 | H24: =IF(TRIM(transaction_raw!H24)="", "NOT FOUND", UPPER(transaction_raw!H24)) -> EU | I24: U003 | J24: Card | K24: =SUMIFS(exchange_rate!$C:$C,exchange_rate!$A:$A, B24,exchange_rate!$B:$B, E24) -> 1.08 | L24: =D24*K24 -> 5616 | M24: =VLOOKUP(C24,CHOOSE({1,2},merchant_master!$B:$B,merchant_master!$A:$A),2,0) -> M003 | N24: =VLOOKUP(C24,CHOOSE({1,2},merchant_master!$B:$B,merchant_master!$C:$C),2,0) -> Elena Rossi | O24: =VLOOKUP(C24,CHOOSE({1,2},merchant_master!$B:$B,merchant_master!$D:$D),2,0) -> Healthcare | P24: =VLOOKUP(C24,CHOOSE({1,2},merchant_master!$B:$B,merchant_master!$E:$E),2,0) -> EU | Q24: =IF(OR(AND(P24="APAC", L24>5000), AND(P24="EU", L24>6000), AND(P24="US", L24>7000)), 1, 0) -> 0 | R24: =IF(OR(G24 >= 70, ISNUMBER(SEARCH("chargeback", F24))), 1, 0) -> 0
... A31: T030 | B31: 46087 | C31: =TRIM(PROPER(transaction_raw!C31)) -> Delta Travels | D31: 1800 | E31: USD | F31: =PROPER(TRIM(transaction_raw!F31)) -> Failed E05 Timeout | G31: =VALUE(SUBSTITUTE(SUBSTITUTE(transaction_raw!G31, "score:", ""), "risk-", "")) -> 47 | H31: =IF(TRIM(transaction_raw!H31)="", "NOT FOUND", UPPER(transaction_raw!H31)) -> US | I31: U010 | J31: UPI | K31: =SUMIFS(exchange_rate!$C:$C,exchange_rate!$A:$A, B31,exchange_rate!$B:$B, E31) -> 1 | L31: =D31*K31 -> 1800 | M31: =VLOOKUP(C31,CHOOSE({1,2},merchant_master!$B:$B,merchant_master!$A:$A),2,0) -> M004 | N31: =VLOOKUP(C31,CHOOSE({1,2},merchant_master!$B:$B,merchant_master!$C:$C),2,0) -> Marcus Lee | O31: =VLOOKUP(C31,CHOOSE({1,2},merchant_master!$B:$B,merchant_master!$D:$D),2,0) -> Travel | P31: =VLOOKUP(C31,CHOOSE({1,2},merchant_master!$B:$B,merchant_master!$E:$E),2,0) -> US | Q31: =IF(OR(AND(P31="APAC", L31>5000), AND(P31="EU", L31>6000), AND(P31="US", L31>7000)), 1, 0) -> 0 | R31: =IF(OR(G31 >= 70, ISNUMBER(SEARCH("chargeback", F31))), 1, 0) -> 0
Q32: =SUM(Q2:Q31) -> 7 | R32: =SUM(R2:R31) -> 9
N35: Top Merchant by Captured GMV

Sheet Pivot Table
A3: Sum of amount_usd | B3: Column Labels
A4: Row Labels | B4: Captured | C4: Chargeback | D4: Failed E05 Timeout | E4: Grand Total
A5: Alpha Mart | B5: 29984.5 | C5: 5400 | D5: 5427.5 | E5: 40812
A6: Beta Stores | B6: 33431 | C6: 1711 | D6: 6640 | E6: 41782
A7: City Pharma | B7: 8640 | E7: 8640
A8: Delta Travels | B8: 10300 | C8: 2500 | D8: 1800 | E8: 14600
A9: Eco Home | C9: 6649 | D9: 3597 | E9: 10246
A10: Grand Total | B10: 82355.5 | C10: 16260 | D10: 17464.5 | E10: 116080

Sheet transaction_raw
A1: transaction_id | B1: transaction_date | C1: merchant_name | D1: raw_amount | E1: currency | F1: status | G1: risk_score | H1: gateway_region | I1: user_id | J1: payment_method
A2: T001 | B2: 46082 | C2: alpha mart | D2: 420000 | E2: INR | F2: captured | G2: score:62 | H2: APAC | I2: U001 | J2: UPI
A3: T002 | B3: 46082 | C3: ALPHA MART | D3: 210000 | E3: INR | F3: Captured | G3: 55 | I3: U002 | J3: Card
A4: T003 | B4: 46082 | C4: BETA STORES | D4: 510000 | E4: INR | F4: CAPTURED | G4: 71 | H4: APAC | I4: U003 | J4: NetBanking
A5: T004 | B5: 46083 | C5: Beta Stores | D5: 160000 | E5: INR | F5: failed e05 timeout | G5: 68 | H5: apac | I5: U004 | J5: Card
A6: T005 | B6: 46083 | C6: Alpha Mart | D6: 390000 | E6: INR | F6: CAPTURED | G6: 58 | I6: U001 | J6: UPI
A7: T006 | B7: 46083 | C7: Beta Stores | D7: 275000 | E7: INR | F7: Captured | G7: score:64 | I7: U005 | J7: Wallet
A8: T007 | B8: 46083 | C8: Alpha Mart | D8: 450000 | E8: INR | F8: chargeback | G8: risk-83 | H8: APAC | I8: U006 | J8: Card
A9: T008 | B9: 46084 | C9: BETA STORES | D9: 340000 | E9: INR | F9: Captured | G9: 59 | I9: U007 | J9: UPI
A10: T009 | B10: 46084 | C10: Alpha Mart | D10: 125000 | E10: INR | F10: captured | G10: 46 | H10: APAC | I10: U002 | J10: Wallet
A11: T010 | B11: 46084 | C11: Beta Stores | D11: 610000 | E11: INR | F11: captured | G11: risk-77 | I11: U003 | J11: Card
A12: T011 | B12: 46084 | C12: Alpha Mart | D12: 195000 | E12: INR | F12: FAILED e05 TIMEOUT | I12: U008 | J12: UPI
A13: T012 | B13: 46085 | C13: Beta Stores | D13: 250000 | E13: INR | F13: captured | G13: risk-61 | H13: APAC | I13: U009 | J13: Card
A14: T013 | B14: 46085 | C14: alpha mart | D14: 310000 | E14: INR | F14: captured | G14: score:54 | H14: APAC | I14: U010 | J14: UPI
A15: T014 | B15: 46085 | C15: Beta Stores | D15: 470000 | E15: INR | F15: captured | G15: risk-73 | H15: APAC | I15: U001 | J15: NetBanking
A16: T015 | B16: 46085 | C16: Alpha Mart | D16: 130000 | E16: INR | F16: captured | G16: score:52 | I16: U002 | J16: Card
A17: T016 | B17: 46086 | C17: Beta Stores | D17: 220000 | E17: INR | F17: failed E05 timeout | G17: risk-69 | I17: U008 | J17: Card
A18: T017 | B18: 46086 | C18: Beta Stores | D18: 180000 | E18: INR | F18: Failed E05 Timeout | G18: score:72 | H18: apac | I18: U008 | J18: Card
A19: T018 | B19: 46086 | C19: BETA STORES | D19: 145000 | E19: INR | F19: chargeback | G19: risk-86 | H19: APAC | I19: U008 | J19: UPI
A20: T019 | B20: 46086 | C20: Alpha Mart | D20: 260000 | E20: INR | F20: Failed E05 Timeout | G20: score:67 | H20: apac | I20: U008 | J20: Wallet
A21: T020 | B21: 46086 | C21: Alpha Mart | D21: 520000 | E21: INR | F21: Captured | G21: 75 | H21: APAC | I21: U005 | J21: UPI
A22: T021 | B22: 46087 | C22: beta stores | D22: 330000 | E22: INR | F22: captured | G22: score:63 | I22: U006 | J22: Card
A23: T022 | B23: 46087 | C23: ALPHA MART | D23: 410000 | E23: INR | F23: captured | G23: 60 | H23: APAC | I23: U007 | J23: UPI
A24: T023 | B24: 46082 | C24: City Pharma | D24: 5200 | E24: EUR | F24: Captured | G24: 42 | H24: EU | I24: U003 | J24: Card
A25: T024 | B25: 46083 | C25: Eco Home | D25: 6100 | E25: EUR | F25: chargeback | G25: score:65 | H25: EU | I25: U004 | J25: Card
A26: T025 | B26: 46084 | C26: City Pharma | D26: 2800 | E26: EUR | F26: captured | G26: 38 | H26: eu | I26: U005 | J26: Wallet
A27: T026 | B27: 46086 | C27: Eco Home | D27: 3300 | E27: EUR | F27: Failed E05 Timeout | G27: 44 | H27: EU | I27: U006 | J27: NetBanking
A28: T027 | B28: 46082 | C28: DELTA TRAVELS | D28: 7200 | E28: USD | F28: captured | G28: 49 | H28: us | I28: U007 | J28: Card
A29: T028 | B29: 46083 | C29: Delta Travels | D29: 3100 | E29: USD | F29: CAPTURED | G29: risk-41 | H29: US | I29: U008 | J29: Card
A30: T029 | B30: 46085 | C30: delta travels | D30: 2500 | E30: USD | F30: chargeback | G30: score:58 | H30: US | I30: U009 | J30: Wallet
A31: T030 | B31: 46087 | C31: DELTA TRAVELS | D31: 1800 | E31: USD | F31: Failed E05 Timeout | G31: score:47 | H31: US | I31: U010 | J31: UPI

Sheet merchant_master
A1: merchant_id | B1: merchant_name | C1: account_manager | D1: merchant_category | E1: default_region
A2: M001 | B2: Alpha Mart | C2: Aisha Khan | D2: Grocery | E2: APAC
A3: M002 | B3: Beta Stores | C3: Rohan Mehta | D3: Electronics | E3: APAC
A4: M003 | B4: City Pharma | C4: Elena Rossi | D4: Healthcare | E4: EU
A5: M004 | B5: Delta Travels | C5: Marcus Lee | D5: Travel | E5: US
A6: M005 | B6: Eco Home | C6: Nina Weber | D6: Home | E6: EU

Sheet exchange_rate
A1: rate_date | B1: currency | C1: usd_rate
A2: 46082 | B2: INR | C2: 0.0119
A3: 46082 | B3: EUR | C3: 1.08
A4: 46082 | B4: USD | C4: 1
A5: 46083 | B5: INR | C5: 0.012
A6: 46083 | B6: EUR | C6: 1.09
A7: 46083 | B7: USD | C7: 1
A8: 46084 | B8: INR | C8: 0.0121
A9: 46084 | B9: EUR | C9: 1.08
A10: 46084 | B10: USD | C10: 1
A11: 46085 | B11: INR | C11: 0.012
A12: 46085 | B12: EUR | C12: 1.07
A13: 46085 | B13: USD | C13: 1
... A19: 46087 | B19: USD | C19: 1
